post_no,category,series,headline_bn,hook_bn,main_focus,reader_connection,historical_angle,modern_connection,format,image_concept,discussion_question_bn,seo_potential,follow_up_topic,priority,map_recommended
1,Bengal & Bangladesh history,ভুলে যাওয়া বাংলা,বাংলার নদী কি শুধু ভাঙে—নাকি শহরও বানায়?,যে নদী গতিপথ বদলায় সে-ই বন্দর বাজার ও মানুষের পরিচয় বদলে দেয়।,Delta migration river ports chars and shifting centres,Why places and family histories move,Rivers are political and economic infrastructure,Climate migration and changing river settlements,Map explainer,Layered delta map with one highlighted channel,আপনার এলাকার পুরোনো নদীর নাম কী?,Bengal rivers and delta history,নদী সরে গেলে শহরের কী হয়?,High,Yes
2,South Asian peoples,বিভক্ত জাতি,একই ভাষার মানুষ দুই দেশের নাগরিক—পাঞ্জাবের গল্প কোথায় বদলে গেল?,সীমান্ত কাগজে আঁকা হলেও স্মৃতি গান ও আত্মীয়তা একদিনে ভাগ হয়নি।,1947 Punjab partition and post-partition identity,Connects another partition to Bengali experience without equating them,Religion language politics and migration shaped a divided Punjab,Partition memory and cross-border kinship,Storytelling,Split archival train and landscape composition,সীমান্ত কি পরিচয় বদলায় নাকি পরিচয়ের নাম বদলায়?,Punjab partition and Punjabi identity,সিন্ধি উদ্বাস্তু পরিচয়,High,Yes
3,Economy,ইতিহাসের অর্থনীতি,বাংলার মসলিন হারাল শুধু কারখানা বন্ধ হয়ে?,আংটির ভেতর দিয়ে যাওয়া কাপড়ের গল্পে বাজার কর প্রযুক্তি ও সাম্রাজ্য একসঙ্গে আছে।,Artisan skill Company trade policy demand and deindustrialisation,Heritage connects to labour and globalisation,Multiple causes are better than a single-villain story,Revival of craft and ethical production,Historical explainer,Muslin weave loom and trade-route texture,ঐতিহ্য হারানোর দায় কি শুধু প্রযুক্তির?,Dhaka muslin history,পাট কীভাবে বাংলার অর্থনীতি বদলাল?,High,Yes
4,Empires states and political transformation,সাম্রাজ্য কীভাবে ভাঙে,মৌর্য সাম্রাজ্য এত বড় ছিল—তবু টিকল না কেন?,সাম্রাজ্য ভাঙে শুধু দুর্বল রাজায় নয় দূরত্ব উত্তরাধিকার ও প্রশাসনের খরচেও।,Mauryan provincial control succession fiscal strain and evidence limits,Readers gain a model for state decline,Large states face recurring centre-periphery problems,Useful comparison for modern state capacity,Historical explainer,Mauryan map with roads and provinces,বড় রাষ্ট্রের সবচেয়ে বড় দুর্বলতা কি তার আকার?,Maurya decline,গুপ্ত সাম্রাজ্য কেন আলাদা পথে ভাঙল?,High,Yes
5,Religion culture and ideas,—,বাংলায় ইসলাম কি শুধু রাজদরবারের মাধ্যমে ছড়িয়েছিল?,নদী কৃষি পীরের খানকা বন্দর ও গ্রামীণ সমাজ বদলটিকে গড়ে দিয়েছিল।,Frontier agrarian expansion Sufi networks and conversion debates,Faith becomes lived social history rather than a court-only story,Religious change had multiple local pathways,Plural religious landscapes and community memory,Myth vs History,Bengal frontier map with settlement layers,ধর্মীয় পরিবর্তন বোঝার সময় রাজনীতি ছাড়াও কী দেখতে হয়?,Islam in Bengal,খানকা ও বাজারের সম্পর্ক,High,Yes
6,Global historical peoples,বিভক্ত জাতি,কুর্দিরা কেন চারটি রাষ্ট্রে ছড়িয়ে গেল?,একটি জাতির ইতিহাসকে শুধু রাষ্ট্র পেল না বললে সাম্রাজ্য চুক্তি ও সীমানা বাদ পড়ে।,Ottoman Persian and post-WWI borders plus Kurdish political diversity,Identity can survive without one state,Frontiers and treaties produced divided political spaces,Modern citizenship and autonomy debates,Border explainer,Four-state map with historical layers,রাষ্ট্র না থাকলেও জাতিসত্তা কীভাবে টিকে থাকে?,Kurdish history and borders,আর্মেনীয়দের রাষ্ট্র ও প্রবাস,High,Yes
7,Bengal & Bangladesh history,যে শহর একসময়…,গৌড় কেন বাংলার রাজধানী থেকে ধ্বংসাবশেষ হলো?,রাজধানী সরে যায় নদী সরে যায় কিন্তু ক্ষমতার পুরোনো ভূদৃশ্য থেকে যায়।,Political relocation river change and competing capitals,Archaeology becomes tangible and local,Urban decline reflects politics and environment,Heritage conservation and regional memory,Before / After,Gaur ruins beside historical route map,রাজধানী বদলালে পুরোনো শহরের কী থাকে?,Gaur history,সোনারগাঁওয়ের উত্থান,High,Yes
8,South Asian peoples,—,আসাম ও বাংলার সীমান্তে ভাষা কীভাবে রাজনীতির প্রশ্ন হলো?,প্রশাসনিক সীমানা বদলালে ভাষা বদলায় না কিন্তু অধিকার বদলাতে পারে।,Colonial reorganisation Sylhet Assam language and migration,Explains persistent border debates,Administrative categories shaped representation,Language citizenship and migration politics,Map explainer,Bengal Assam Sylhet administrative layers,ভাষার মানচিত্র আর প্রশাসনিক মানচিত্র কি এক?,Assam Bengal language border,সিলেট গণভোটের অদৃশ্য দিক,High,Yes
9,Economy,—,চা-বাগান শুধু পাহাড়ের দৃশ্য নয়—শ্রমের ইতিহাসও,কাপের স্বাদ তৈরি হয়েছে জমি চুক্তি অভিবাসন ও শ্রমের সম্পর্ক দিয়ে।,Colonial plantation labour and migration,Daily consumption connects to hidden labour,Plantations depended on controlled labour and land,Tea labour rights and regional inequality,Photo/archive-led,Tea landscape with worker silhouettes,আমরা পণ্যের ইতিহাসে শ্রমিককে কতটা দেখি?,Bengal tea plantations,পাটের বিশ্ববাজার,High,No
10,Borders partition geopolitics,মানচিত্রের পেছনের ইতিহাস,সীমান্তের ভেতর ছিটমহল কেন তৈরি হয়েছিল?,একই গ্রামের মানুষ দুই দেশের কাগজে আটকে ছিল—চুক্তির উত্তরাধিকার জীবন বদলেছিল।,Princely-state enclaves Cooch Behar Rangpur and 2015 settlement,Map anomalies become human stories,State services and citizenship followed inherited borders,Enclave exchange as a borderland legacy,Map carousel,Enclave close-up services and final exchange,মানচিত্রে একটি বিন্দু কি মানুষের জীবন বদলে দিতে পারে?,India Bangladesh enclaves,দহগ্রাম-আঙ্গরপোতা করিডর,High,Yes
11,Bengal & Bangladesh history,—,বাংলার বন্দর কি শুধু চট্টগ্রাম আর কলকাতা ছিল?,নদীর মোহনা লবণ চাল কাপড় ও জাহাজ বহু ছোট বন্দরকে এক জালে বেঁধেছিল।,Satgaon Sonargaon Hooghly Chittagong and inland ports,Readers discover local places in global trade,Port prominence shifted with rivers and political power,Regional trade and port redevelopment,Map explainer,Indian Ocean routes with Bengal port nodes,আপনার শহর কি একসময় নদীবন্দর ছিল?,Bengal ports history,হুগলি নদীর বন্দর-রাজনীতি,High,Yes
12,Empires states and political transformation,—,দিল্লির সুলতানরা বাংলাকে পুরোপুরি নিয়ন্ত্রণ করতে পারত না কেন?,দূরত্বের সঙ্গে নদী স্থানীয় শক্তি ও আঞ্চলিক রাজনীতিও সাম্রাজ্যের সীমা বানায়।,Delhi governorates regional sultanates ecology and autonomy,Geography becomes a force in political history,Frontier governance repeatedly produced Bengal autonomy,Centre-periphery tensions remain a useful lens,Map explainer,Delhi-to-Bengal route and river barriers,ভূগোল কি কখনও সাম্রাজ্যের চেয়ে শক্তিশালী?,Delhi Sultanate Bengal,ইলিয়াস শাহ কীভাবে ঐক্য গড়লেন?,High,Yes
13,Religion culture and ideas,—,বাউল সুফি ও ভক্তি—‘মিশ্র সংস্কৃতি’ কথাটি কতটা যথেষ্ট?,মিলনের গল্প সত্যি কিন্তু তার ভেতরেও ক্ষমতা ভিন্নতা ও স্থানীয় ইতিহাস ছিল।,Shared forms separate traditions oral culture and limits of the syncretic label,Nuance protects cultural identity from simplification,Plural traditions can overlap without becoming identical,Useful model for discussing cultural coexistence,Comparative history,Instruments manuscript and folk motif,মিলন দেখাতে গিয়ে ভিন্নতাকে কি আমরা মুছে ফেলি?,Bengal syncretic culture,লালনকে ঘিরে ইতিহাস ও স্মৃতি,Medium,No
14,Global historical peoples,—,প্যালেস্টাইনের মানচিত্র কেন বারবার বদলেছে?,1948 1967 বসতি শরণার্থী ও প্রশাসনিক বিভাজন—একটি রেখা একা গল্প বলে না।,Mandate wars displacement refugees and competing claims,Historical geography connects to lived displacement,Chronology helps separate facts claims and interpretations,Refugee memory and contested sovereignty,Timeline/map,Restrained layered map with dates,মানচিত্র বদলালে শরণার্থীর ঘর কোথায় থাকে?,Palestine history map,আর্মেনীয় উদ্বাস্তু ও রাষ্ট্র,High,Yes
15,Bengal & Bangladesh history,—,বঙ্গের কৃষক কি শুধু জমিদারের প্রজা ছিল?,পাবনা থেকে তেভাগা কৃষকরা দরকষাকষি সমিতি ও আইনের ভাষাও ব্যবহার করেছে।,Pabna tenancy law Tebhaga and peasant organisation,Rural people appear as political actors,Peasant politics used petitions law and collective action,Land rights and rural representation,Timeline,Tenancy share diagram and petition texture,কৃষকের প্রতিবাদ কি কেবল বিদ্রোহ নাকি রাজনৈতিক সংগঠনও?,Bengal peasant movements,তেভাগার দুই-তৃতীয়াংশ কোথা থেকে এল?,High,No
16,South Asian peoples,—,চাকমা পরিচয়ের ইতিহাসে পাহাড় রাষ্ট্র ও উদ্বাস্তুতা একসঙ্গে কেন আসে?,পার্বত্য ভূগোল বাদ দিলে পরিচয় ও নাগরিকত্বের প্রশ্ন বোঝা যায় না।,CHT frontier state formation displacement and peace process,Community-sensitive history connects place to belonging,State projects and migration changed a frontier,Peace accord and citizenship remain consequential,Map explainer,CHT terrain with minimal migration arrows,পাহাড়ি ভূগোল কি সমান নাগরিকত্বের প্রশ্ন বদলে দেয়?,Chakma history Bangladesh,পার্বত্য চট্টগ্রাম চুক্তির অসমাপ্ত প্রশ্ন,High,Yes
17,Economy,—,পাট কেন ‘সোনালি আঁশ’ হয়েও কৃষকের জীবন বদলাতে পারেনি সবসময়?,বিশ্ববাজারে দাম বাড়া আর চাষির আয় বাড়া এক জিনিস নয়।,Colonial export chains mills middlemen partition and policy,National commodity pride meets producer reality,Value chains distribute gains unevenly,Commodity policy and rural livelihoods,Economic history,Jute fibre river boat and export route,কাঁচামালের খ্যাতি কার হাতে লাভ হয়?,Jute history Bengal,পাটকল ও শ্রমিক রাজনীতি,High,Yes
18,Borders partition geopolitics,—,একটি নদী কি রাষ্ট্রের সীমানা হতে পারে?,নদী সরে গেলে সীমান্ত জমি ও মানুষের পরিচয়ও অনিশ্চিত হয়।,River boundaries chars thalweg and India Bangladesh examples,Local landscape becomes international law,Environmental change complicates fixed borders,Water sharing and riverbank displacement,Border explainer,Before/after river map,নদী বদলালে সীমান্ত কি বদলানো উচিত?,River boundary India Bangladesh,গঙ্গা পানি চুক্তির ভূগোল,High,Yes
19,Empires states and political transformation,সাম্রাজ্য কীভাবে ভাঙে,মুঘল সাম্রাজ্য কি ১৮৫৭-তেই শেষ হয়েছিল?,দিল্লির পতন ছিল দৃশ্যমান সমাপ্তি—ক্ষয় তার আগেই দীর্ঘ ছিল।,18th-century regionalisation Company power and 1857 symbolism,Corrects a common compressed narrative,Sovereignty can erode before a formal endpoint,Empire decline as a comparative historical tool,Myth vs History,Three-stage Mughal sovereignty timeline,সাম্রাজ্যের শেষ মানে কি রাজধানীর পতন?,Mughal decline 1857,বাংলায় মুঘল থেকে নবাবি,High,No
20,Religion culture and ideas,—,বাংলায় মুদ্রণযন্ত্র এলে শুধু বই নয় জনপরিসরও বদলাল কীভাবে?,পাঠ্য সংবাদ ধর্মীয় বিতর্ক ও জাতীয় পরিচয় ছাপাখানায় নতুন গতি পেল।,Print education vernacular public sphere and mobilisation,Readers connect media change to public life,Print created new networks of argument and identity,Media literacy and public debate,Timeline,Press type blocks and newspaper fragments,ছাপা শব্দ কি রাজনৈতিক পরিচয় তৈরি করতে পারে?,Bengali printing history,ঢাকা বিশ্ববিদ্যালয় ও নতুন শিক্ষিত সমাজ,High,No
21,South Asian peoples,—,রোহিঙ্গা ইতিহাস ২০১৭ সালে শুরু হয়নি—কোন ধারাগুলো আগে তৈরি হয়েছিল?,২০১৭-এর বিপর্যয় বুঝতে সীমা নাগরিকত্ব ও আগের বাস্তুচ্যুতি দেখতে হয়।,Arakan Rakhine colonial categories citizenship and refugee movements,Prevents a crisis from becoming a one-year story,Long historical processes shape displacement and refuge,Humanitarian policy and border life,Timeline/map,Rakhine Bangladesh corridor with source labels,শরণার্থী সংকটকে শুধু একটি বছরের ঘটনা বানালে কী বাদ পড়ে?,Rohingya history,নাফ নদী ও সীমান্ত-জীবন,High,Yes
22,Global historical peoples,—,আর্মেনীয়রা কীভাবে রাষ্ট্র গণহত্যার স্মৃতি ও প্রবাসের জাতিতে পরিণত হলো?,ভূখণ্ডের পাশাপাশি স্মৃতি ও প্রবাসও রাজনৈতিক শক্তি।,Late Ottoman context 1915 terminology diaspora and modern state,Memory and migration become historical institutions,The 1915 terminology and recognition landscape remain contested,Recognition and diaspora politics remain consequential,Timeline,Armenian highlands and diaspora routes,রাষ্ট্রের বাইরে স্মৃতি কীভাবে জাতির বন্ধন হয়?,Armenian history diaspora,কপটিক পরিচয় ও রাষ্ট্র,High,Yes
23,Bengal & Bangladesh history,যে শহর একসময়…,ঢাকা কখন নদীর শহর থেকে সাম্রাজ্যের রাজধানী হলো?,রাজধানী বদল মানে প্রাসাদ নয় নৌপথ রাজস্ব কারিগর ও বাজারের নতুন বিন্যাস।,Jahangirnagar Mughal administration river commerce and urban change,Explains the city readers inhabit,Capital formation links state power to everyday infrastructure,Urban growth and heritage,Before / After,1610 Dhaka map with river routes,একটি রাজধানী গড়তে কী কী মানুষ লাগে?,Dhaka history Jahangirnagar,মুর্শিদাবাদ কেন উঠল?,High,Yes
24,Empires states and political transformation,Myth vs History,গুপ্ত যুগকে ‘সোনালি যুগ’ বলা কি ইতিহাসকে সহজ করে ফেলে?,উজ্জ্বলতা সত্যি কিন্তু সমাজ অঞ্চল ও প্রমাণের অসমতা ভুললে ছবি অসম্পূর্ণ।,Historiography regional variation political economy and evidence limits,Readers learn to question period labels,Golden-age narratives shape textbook memory and identity,Better historical literacy,Myth vs History,Golden-age label beside evidence categories,সোনালি যুগ—কার জন্য?,Gupta golden age debate,প্রাচীন বাংলার নগরজীবন,High,No
25,Borders partition geopolitics,মানচিত্রের পেছনের ইতিহাস,র‍্যাডক্লিফ লাইন এত তাড়াহুড়োয় আঁকা হয়েছিল কেন?,সমস্যা শুধু সময়ের স্বল্পতা নয় ডেটা প্রশাসন সহিংসতা ও চাপও ছিল।,Boundary commission criteria maps award timing and consequences,Partition becomes a process readers can visualise,Boundary decisions can outlive their makers,Map-making and border memory,Map carousel,Inputs to line to villages and railways cut,সীমানা আঁকার সময় কোন তথ্য সবচেয়ে গুরুত্বপূর্ণ?,Radcliffe Line explained,সিলেট গণভোট,High,Yes
26,South Asian peoples,—,পশতুন পরিচয় কেন একাধিক রাষ্ট্রের সীমা মানে না?,দ্যুরান্ড লাইন উপজাতীয় অঞ্চল সাম্রাজ্য ও নাগরিকত্ব একসঙ্গে কাজ করে।,Frontier-making and varied Pashtun political positions,Challenges uniform ethnic narratives,Colonial boundaries and later citizenship diverged,Security and autonomy debates,Border explainer,Afghanistan Pakistan frontier layers,ঔপনিবেশিক সীমা কি আধুনিক জাতির সীমা হতে পারে?,Pashtun Durand Line,বালুচ পরিচয় ও সম্পদ-রাজনীতি,High,Yes
27,Economy,ইতিহাসের অর্থনীতি,ঋণ রাজস্ব আর যুদ্ধ—কোম্পানি কীভাবে বাংলার অর্থে শক্তিশালী হলো?,পলাশীর আড়ালে হিসাব রাজস্ব ও অর্থের প্রবাহও আছে।,Diwani revenue military finance bankers and institutional change,Explains conquest through mechanisms rather than heroes,Public finance linked Company power to colonial rule,Taxation and state capacity,Economic explainer,Revenue flow from district to Company army,যুদ্ধ জিততে টাকা কোথা থেকে আসে?,East India Company Bengal revenue,জগত শেঠ ও ব্যাংকার নেটওয়ার্ক,High,Yes
28,Religion culture and ideas,—,বৌদ্ধ বিহারগুলো কি শুধু ধর্মীয় প্রতিষ্ঠান ছিল?,সোমপুরা ও ময়নামতি জ্ঞান শিল্প যাত্রা ও আঞ্চলিক ক্ষমতারও অংশ ছিল।,Monastic economy knowledge circulation architecture and travel,Heritage becomes social infrastructure,Historical knowledge networks crossed present borders,Archaeology and heritage tourism,Photo/archive-led,Somapura plan with route lines,একটি বিহার কি বিশ্ববিদ্যালয় কর্মশালা ও তীর্থ—সবই হতে পারে?,Somapura Mahavihara history,অতীশ দীপঙ্করের যাত্রাপথ,High,Yes
29,South Asian peoples,—,নাগা রাজনৈতিক ইতিহাসকে ‘পাহাড়ি বিচ্ছিন্নতা’ বলে শেষ করা যায় না কেন?,উপনিবেশ শিক্ষা স্বায়ত্তশাসন ও একাধিক অবস্থান ছিল।,Colonial frontier missionary education and post-1947 negotiations,Readers meet internal diversity rather than stereotype,Identity politics emerged through institutions and territory,Autonomy and federalism,Timeline/map,Naga Hills administrative layers,স্বায়ত্তশাসন আর বিচ্ছিন্নতা কি একই কথা?,Naga political history,মণিপুরের বহুমাত্রিক পরিচয়,Medium,Yes
30,Borders partition geopolitics,Past → Present,কাশ্মীরের প্রশ্ন ১৯৪৭-এ শুরু হলেও ১৯৪৭-এ শেষ হয়নি কেন?,দেশভাগ যুদ্ধ জাতিসংঘ নিয়ন্ত্রণরেখা ও মানুষের অভিজ্ঞতা অসমাপ্তি তৈরি করেছে।,Competing claims divided administration and chronology,Connects a familiar issue to its historical layers,Ceasefires and lines can become durable political realities,Contemporary geopolitics and memory,Timeline/map,1947 to LoC layered map,একটি যুদ্ধবিরতি কীভাবে স্থায়ী সীমান্তে পরিণত হয়?,Kashmir history explained,হায়দরাবাদ ও দেশীয় রাজ্য,High,Yes
31,Bengal & Bangladesh history,—,সুন্দরবন কি শুধু বন—নাকি সীমান্ত জীবিকা ও জলবায়ুর ইতিহাস?,বাঘের গল্পের বাইরে বনটি নৌপথ বসতি লবণাক্ততা ও নিয়ন্ত্রণের গল্প।,Delta ecology forest settlement livelihoods and shared landscape,Readers connect environment to identity and work,Ecology and governance shaped a borderland,Climate adaptation and conservation,Map/photo-led,Mangrove channels and fishing route,প্রকৃতি সংরক্ষণ আর মানুষের জীবিকা কীভাবে একসঙ্গে ভাবব?,Sundarbans history,উপকূলের চর ও জলবায়ু-অভিবাসন,High,Yes
32,Empires states and political transformation,—,মারাঠা শক্তি বাংলায় এলেই কি ‘বর্গি’ গল্প শেষ?,আক্রমণ রাজস্ব সামরিক গতিশীলতা ও লোকস্মৃতি একটি শব্দের চেয়ে বড়।,18th-century raids Alivardi response rural memory and source limits,Popular memory meets archival complexity,War affected revenue and rural security,How historical memory is inherited,Myth vs History,Raid routes and Bengal districts,লোকস্মৃতি আর দলিলকে কীভাবে পাশাপাশি পড়ব?,Bargi invasions Bengal,বাংলার নবাবি প্রতিরক্ষা,High,Yes
33,South Asian peoples,—,বালুচিস্তানের গল্প শুধু বিচ্ছিন্নতাবাদ নয়—ভূমি সম্পদ ও ফেডারেল ক্ষমতারও,একই পরিচয়ের ভেতরেও রাজনৈতিক অবস্থান এক নয়।,Colonial incorporation Kalat federal structure and resource politics,Challenges single-story geopolitics,Resource distribution shapes centre-periphery relations,Ports minerals and regional development,Map explainer,Balochistan resources roads and ports,সম্পদসমৃদ্ধ অঞ্চল কেন সবসময় সমৃদ্ধ হয় না?,Balochistan history,সিন্ধি জাতীয়তাবাদ,Medium,Yes
34,Economy,—,লবণ নিয়ে এত রাজনীতি কেন?,দৈনন্দিন জিনিস হলেও কর একচেটিয়া বাণিজ্য ও প্রতিরোধের প্রতীক হয়েছে।,Colonial salt policy coastal production and Gandhi politics,Everyday life becomes political economy,Essential commodities expose state extraction,Tax and food-security debates,Economic timeline,Salt pans tax stamp and coastal route,যে জিনিস সবার দরকার তার ওপর করের রাজনীতি কেমন হয়?,Salt tax India history,আফিম বাণিজ্য ও সাম্রাজ্য,High,No
35,Religion culture and ideas,—,ভাষা কি পরিচয়ের ফল নাকি পরিচয়ও ভাষা বানায়?,বাংলা উর্দু অসমিয়া ও তামিল অভিজ্ঞতা এক নয়।,Compare language movements and state formation without flattening,Readers see their language in a wider pattern,Language policy can reorganise belonging and representation,Multilingual citizenship,Comparative carousel,Four language maps and chronologies,রাষ্ট্রের ভাষা আর মানুষের ভাষার দূরত্ব কীভাবে তৈরি হয়?,Language politics South Asia,তামিল ভাষা আন্দোলনের দীর্ঘ ইতিহাস,High,Yes
36,Global historical peoples,—,বাস্করা কেন স্পেন ও ফ্রান্সের মাঝেও আলাদা পরিচয় ধরে রেখেছে?,ভাষা ভূগোল শিল্পায়ন দমন ও স্বায়ত্তশাসন পরিচয়কে টিকিয়েছে।,Basque language territory industrialisation and political change,Comparative identity story without romanticising violence,Language and regional institutions outlast borders,Autonomy and cultural policy,Comparative history,Basque Country linguistic map,ভাষা কি রাষ্ট্র ছাড়াও রাজনৈতিক পরিচয়ের ভিত্তি হতে পারে?,Basque history,কাতালান পরিচয় ও স্বায়ত্তশাসন,Medium,Yes
37,Bengal & Bangladesh history,ভুলে যাওয়া বাংলা,বাংলার নারী শিক্ষার ইতিহাস শুধু বিদ্যাসাগর-রোকেয়ার গল্প নয়—প্রতিষ্ঠানও ছিল,স্কুল মুদ্রণ পরিবার ও পেশার ধীর পরিবর্তন গল্পটিকে বড় করে।,Women education institutions teachers and social debate,Expands history beyond two famous figures,Institution-building changed access and public life,Education and gendered opportunity,Photo/archive-led,School register classroom and portrait collage,শিক্ষার ইতিহাসে প্রতিষ্ঠানকে আমরা কতটা মনে রাখি?,Women education Bengal,বেথুন স্কুল ও ঔপনিবেশিক জনপরিসর,High,No
38,Borders partition geopolitics,মানচিত্রের পেছনের ইতিহাস,সিলেটের গণভোট কি দেশভাগের সহজ সিদ্ধান্ত ছিল?,ভোটের আগে প্রশাসন প্রচার পরিচয় ও সীমান্ত-জীবনের বহু স্তর ছিল।,1947 referendum geography campaigns and consequences,Shows how a vote can have long aftermath,Referendum did not erase economic and family ties,Border identity and memory,Map carousel,Referendum area result and aftermath,গণভোট কি সবসময় মানুষের ভবিষ্যৎ পরিষ্কার করে?,Sylhet referendum 1947,বরাক উপত্যকা ও ভাষা,High,Yes
39,Empires states and political transformation,—,শিখ সাম্রাজ্য কীভাবে পাঞ্জাবের রাজনৈতিক মানচিত্র বদলেছিল?,এটি শুধু রঞ্জিত সিংহের কাহিনি নয় সেনা রাজস্ব কূটনীতি ও সীমান্তেরও।,State formation Lahore frontier Company relations and annexation,Regional history gains depth beyond partition,Military-fiscal states reshape imperial balance,Frontier politics and federal memory,Timeline/map,Peak Sikh Empire with frontier markers,একটি আঞ্চলিক রাষ্ট্র কীভাবে সাম্রাজ্যের ভারসাম্য বদলায়?,Sikh Empire history,পাঞ্জাবের দেশভাগের দীর্ঘ ছায়া,High,Yes
40,South Asian peoples,—,তামিল পরিচয়ের রাজনীতি কীভাবে ভাষা থেকে ফেডারেল অধিকারে গেল?,ভাষা-প্রতিরোধ শিক্ষা দলীয় রাজনীতি ও কেন্দ্র-রাজ্য সম্পর্ক বদলেছে।,Anti-Hindi movements Dravidian politics and federalism,Connects language to power not only sentiment,Language movements shaped constitutional federalism,State autonomy and representation,Timeline,Tamil Nadu language-policy milestones,ভাষা আন্দোলন কীভাবে প্রশাসনিক ক্ষমতার প্রশ্ন হয়?,Tamil language politics,বাংলা ভাষা ও রাষ্ট্রের সম্পর্ক,High,Yes
41,Bengal & Bangladesh history,ইতিহাসের অর্থনীতি,১৯৪৩-এর দুর্ভিক্ষ কি শুধু ফসলের ঘাটতির গল্প?,খাদ্য ছিল কিন্তু যুদ্ধ পরিবহন বাজার মজুত ও ক্রয়ক্ষমতার সংকট মানুষকে বাঁচতে দেয়নি।,Famine as distribution governance and entitlement crisis,Food security becomes a human question,Availability and access are different political problems,Food prices and resilience,Economic explainer,Rice routes prices boats and ration queue,খাদ্য থাকা আর মানুষের খাবার পাওয়া—একই কথা?,Bengal famine 1943 causes,1770 ও 1943 দুর্ভিক্ষের পার্থক্য,High,Yes
42,South Asian peoples,—,গোরখা পরিচয় কি শুধু সেনাবাহিনীর ইতিহাস?,নিয়োগ পাহাড় অভিবাসন ভাষা ও নাগরিক অধিকারের গল্পও আছে।,Gorkha recruitment Darjeeling Nepal India and identity politics,Foregrounds civilian and migrant histories,Professional labels interact with ethnicity and citizenship,Migration and representation,Comparative map,Recruitment routes and settlement regions,পেশাগত পরিচয় কখন জাতিগত পরিচয়ের সঙ্গে জুড়ে যায়?,Gorkha history India Nepal,দার্জিলিং ও পাহাড়ি রাজনীতি,Medium,Yes
43,Global historical peoples,—,উইঘুরদের ইতিহাসে মরুভূমি বাণিজ্যপথ ও রাষ্ট্রের সীমা কীভাবে জড়িত?,বর্তমানের শিরোনামের আগে ছিল দীর্ঘ বাণিজ্য ও বহু পরিচয়ের ইতিহাস।,Silk Road oasis societies Qing incorporation and modern identity,History resists present-only framing,Trade routes and state formation shaped cultural geography,Contemporary identity and governance,Map timeline,Oasis cities and trade corridors,বাণিজ্যপথ কি পরিচয়কে এক করে নাকি বহু করে?,Uyghur history,তিব্বতি পরিচয় ও ভূ-রাজনীতি,Medium,Yes
44,Bengal & Bangladesh history,যে শহর একসময়…,মুর্শিদাবাদ কেন বাংলার ক্ষমতার কেন্দ্র থেকে স্মৃতির শহর হলো?,রাজধানী বদল কোম্পানি শাসন ও নদী-অর্থনীতি শহরটির ভাগ্য বদলেছে।,Capital shift nawabi administration Plassey aftermath and memory,Fresh angle on familiar 18th-century history,Power can leave a city while heritage remains,Urban heritage and tourism,Before / After,Murshidabad court river and Company route,ক্ষমতা চলে গেলে শহর কি মরে নাকি অন্য জীবন পায়?,Murshidabad history,কলকাতার উত্থান,High,Yes
45,Empires states and political transformation,—,প্রিন্সলি স্টেটগুলো কি ব্রিটিশ ভারতের ‘বাইরের’ দেশ ছিল?,সার্বভৌমত্ব চুক্তি ও অধীনতার মাঝখানে তাদের অবস্থান জটিল ছিল।,Paramountcy treaty relations and 1947 accession,Clarifies Hyderabad Kashmir and Cooch Behar,Partial sovereignty shaped decolonisation,State integration and constitutional memory,Comparative map,British India and princely-state mosaic,সার্বভৌমত্ব কি সবসময় সম্পূর্ণ বা শূন্য?,Princely states British India,কোচবিহার ও ছিটমহল,High,Yes
46,Borders partition geopolitics,মানচিত্রের পেছনের ইতিহাস,ম্যাকমোহন লাইন কেন শুধু একটি পাহাড়ি দাগ নয়?,মানচিত্র তিব্বত ব্রিটিশ কূটনীতি চীন-ভারত সম্পর্ক ও স্থানীয় জনগোষ্ঠী জড়িত।,1914 Simla context and later dispute with attribution,Maps become contested political documents,Historical cartography affects current geopolitics,Border claims and Himalayan infrastructure,Map explainer,Himalayan passes and treaty-era map,দূরের কূটনৈতিক মানচিত্রে স্থানীয় মানুষের জায়গা কোথায়?,McMahon Line history,আকসাই চিন ও মানচিত্রের রাজনীতি,Experimental,Yes
47,Economy,ইতিহাসের অর্থনীতি,ব্যাংকাররা কি শুধু নবাবদের পাশে ছিল—নাকি ক্ষমতার অংশ ছিল?,ঋণ রাজস্ব অগ্রিম বাণিজ্য ও যুদ্ধের অর্থ জগত শাসনের গতিপথ বদলাতে পারে।,Merchant bankers Jagat Seth credit and Company finance,Power is seen beyond soldiers and rulers,Financial networks mediated political transition,Modern banking and state finance,Economic history,Ledger river trade and credit arrows,ক্ষমতা কি কেবল সৈন্যের হাতে থাকে?,Jagat Seth Bengal banking,উপমহাদেশে হুন্ডি নেটওয়ার্ক,High,No
48,Religion culture and ideas,—,সুফি দরগাহ কেন শুধু ধর্মীয় স্থান নয়—সামাজিক ভূগোলও?,তীর্থ বাজার জমি স্মৃতি ও স্থানীয় ক্ষমতা দরগাহকে জনজীবনের কেন্দ্র করেছে।,Shrine networks patronage mobility and belonging,Connects sacred places to everyday economies,Religious institutions shape settlement and memory,Heritage and plural public space,Photo/archive-led,Shrine architecture with route map,একটি পবিত্র স্থান কীভাবে স্থানীয় অর্থনীতি ও পরিচয় গড়ে?,Sufi shrines Bengal,বাগেরহাটের মসজিদ-নগরী,High,Yes
49,Global historical peoples,—,সামি জনগোষ্ঠীর ইতিহাসে সীমান্ত ভাষা ও ভূমির অধিকার কেন একসঙ্গে আসে?,রাষ্ট্রসীমা প্রাচীন চলাচল ও জীবিকার ওপর বসানো হয়েছিল।,Sápmi across four states land use assimilation and language revival,Connects a distant story to borderland life,State borders can conflict with seasonal livelihoods,Indigenous rights and cultural policy,Map explainer,Four-state Sápmi map and seasonal routes,সীমান্ত কি পশুপালনের পথ থামাতে পারে?,Sámi history,তুয়ারেগ ও সাহারার সীমান্ত,Experimental,Yes
50,South Asian peoples,বিভক্ত জাতি,সিন্ধিরা দেশভাগের পরে কীভাবে নতুন শহর ও প্রবাসে পরিচয় বানাল?,ভূখণ্ড হারালেও ভাষা ব্যবসা স্মৃতি ও প্রতিষ্ঠান নতুন মানচিত্র বানিয়েছে।,Sindh partition refugee settlement language and mercantile networks,Links to Bengali refugee history without conflation,Urban institutions can carry a displaced identity,Migration memory and diaspora networks,Before / After,Sindh-to-India routes and urban settlement,ভূমি হারালে কি পরিচয়ও হারায়?,Sindhi partition history,পূর্ব বাংলার উদ্বাস্তু কলোনি,High,Yes
51,Bengal & Bangladesh history,—,পূর্ব বাংলার মানুষ কেন কলকাতা আসাম ও করাচির সঙ্গে একই অর্থনীতিতে যুক্ত ছিল?,দেশভাগের আগে নদী রেল বাজার ও আত্মীয়তার পথ রাজনৈতিক সীমা মানত না।,Regional circuits before and after 1947,Partition becomes an economic rupture readers can feel,Political borders interrupted connected markets,Regional trade and migration,Map carousel,Rail river and market routes before and after 1947,দেশভাগে কোন জিনিসটি আগে ভেঙেছিল—মানুষ বাজার না পথ?,Bengal economy partition,1947-এর পর নদীবন্দর,High,Yes
52,Empires states and political transformation,—,ইউরোপীয় বণিকরা কীভাবে এশিয়ার রাজনীতির খেলোয়াড় হলো?,কারখানা দুর্গ চুক্তি বন্দুক ও স্থানীয় মিত্র বাণিজ্যকে ক্ষমতায় বদলেছে।,Portuguese Dutch French and English strategies in Bengal,Expands Company history into Indian Ocean competition,Trading posts became political actors through alliances and force,Port economies and globalisation,Comparative timeline,Coastal factories and sea lanes,বাণিজ্যিক ঘাঁটি কখন রাজনৈতিক ক্ষমতা হয়ে ওঠে?,European trading companies India,হুগলিতে পর্তুগিজদের পরিণতি,High,Yes
53,Borders partition geopolitics,Past → Present,সীমান্তে বসবাসকারী মানুষ কি সবসময় দুই দেশের মাঝখানে?,তারা মাঝখানে নয়—নিজস্ব বাজার আত্মীয়তা ভাষা ও স্থানীয় ইতিহাসের কেন্দ্রেও থাকে।,Borderland agency using Bengal Punjab and CHT examples,Corrects victim-only border narratives,Communities negotiate states through everyday life,Border haats and cross-border kinship,Comparative map,Three borderland vignettes,মানচিত্রের প্রান্তে থাকা মানে কি ইতিহাসের প্রান্তে থাকা?,Borderland history South Asia,সীমান্ত হাটের ইতিহাস,High,Yes
54,Global historical peoples,Myth vs History,রোমা জনগোষ্ঠীর ইতিহাস ‘ভবঘুরে’ stereotype দিয়ে বোঝা যায় না কেন?,চলাচল বহিষ্কার শ্রম ভাষা ও রাষ্ট্রীয় শ্রেণিবিভাগের দীর্ঘ ইতিহাস আছে।,Roma dispersal persecution emancipation and identity,Challenges a damaging stereotype,States classified mobility in ways that shaped marginalisation,Minority rights and representation,Myth vs History,Migration map with archive detail,কোনো জনগোষ্ঠীকে stereotype-এ আটকে দিলে কী হারায়?,Roma history Europe,ইহুদি diaspora ও রাষ্ট্র,Experimental,Yes
55,Bengal & Bangladesh history,—,বাংলার নদীপথে নৌকার মানুষদের ইতিহাস কোথায়?,সাম্রাজ্য বাজার ও যুদ্ধের নীচে মাঝি নাবিক ও নৌ-শ্রমিক চলাচলের অবকাঠামো বানিয়েছিল।,River labour boatbuilding ferries and wartime operations,Foregrounds underrepresented workers,Infrastructure history explains commerce and mobility,Transport livelihoods and river change,Photo/archive-led,Boat profile and route diagram,ইতিহাসে অবকাঠামো বানানো মানুষদের নাম কেন কম থাকে?,Bengal river trade history,১৯৭১-এর নদীযুদ্ধ ও নৌকা,High,Yes
56,Religion culture and ideas,—,খাদ্য কি ইতিহাসের দলিল হতে পারে?,চাল ইলিশ মাংস মসলা ও রান্নার পথ মানুষ বন্দর ধর্ম ও শ্রেণির চলাচল দেখায়।,Foodways migration and layered regional cuisines,Family memory becomes historical evidence,Recipes reflect mobility without one fixed authentic cuisine,Migration and cultural exchange,Comparative history,Ingredient routes and old cookbook,আপনার পরিবারের কোন খাবারের পেছনে migration-এর গল্প আছে?,Bengal food history,দেশভাগ ও রান্নার স্মৃতি,Medium,No
57,South Asian peoples,—,মণিপুরের ইতিহাসকে শুধু সংঘাতের খবর দিয়ে পড়া যায় না কেন?,রাজ্য ভাষা পাহাড়-উপত্যকা ও পরিচয়ের বহু স্তর বর্তমানকে তৈরি করেছে।,Kingdom colonial incorporation constitutional setting and diversity,Complex places resist news-only framing,Internal diversity matters to state formation,Autonomy and citizenship,Map/timeline,Valley-hills relationship and boundaries,একটি অঞ্চলের ভেতরের বৈচিত্র্যকে মানচিত্রে কীভাবে দেখাব?,Manipur history,নাগা-কুকি-মেইতেই পৃথক পাঠ,Medium,Yes
58,Borders partition geopolitics,—,সীমান্ত হাট কি শুধু বাজার নাকি সম্পর্ক পুনর্গঠনের জায়গা?,রাষ্ট্রের কড়াকড়ির মাঝেও স্থানীয় বাণিজ্য ও আত্মীয়তা নতুন পথ খোঁজে।,Border haats formal exchange trust and limits,Connects policy to everyday livelihood,Small-scale trade can reopen older social geographies,India Bangladesh border economy,Photo/map-led,Market crossing with small country labels,বাণিজ্য কি সীমান্তকে নরম করতে পারে?,Bangladesh India border haat,পুরোনো হাট ও নদীবন্দর,High,Yes
59,Empires states and political transformation,সাম্রাজ্য কীভাবে ভাঙে,রাষ্ট্রের পতন মানেই কি সমাজের পতন?,রাজধানী ও রাজবংশ হারালেও ভাষা বাজার ধর্মীয় প্রতিষ্ঠান ও স্থানীয় ক্ষমতা টিকে থাকতে পারে।,Comparative Bengal Sultanate Mughal regionalisation and postcolonial transitions,Teaches a transferable historical idea,Political regimes change faster than social worlds,Institutional resilience and memory,Comparative carousel,Three state-ends society-continues panels,রাষ্ট্র বদলালে কোন জিনিসগুলো সবচেয়ে ধীরে বদলায়?,Empire collapse society,সাম্রাজ্যের পরে শহরের জীবন,Medium,No
60,Bengal & Bangladesh history,Past → Present,আজকের বাংলাদেশকে বুঝতে ১০টি মানচিত্র যথেষ্ট কি?,নদী জেলা ভাষা বন্দর দেশভাগ ১৯৭১ ও অভিবাসনের মানচিত্র একসঙ্গে দেখলে রাষ্ট্রের গল্প বদলায়।,Synthesis of the full cycle into a visual learning path,Encourages saves shares and site reading,Historical layers explain present geography and identity,Readers can choose the next long-form path,Carousel,Ten clean maps with one final reading-path card,কোন মানচিত্রটি আপনার কাছে সবচেয়ে বেশি ব্যাখ্যা দেয়?,Bangladesh historical maps,Reader-voted map series,High,Yes
